{"stat.useItem.minecraft.quartz_block":110,"stat.useItem.minecraft.stone":140,"stat.leaveGame":11,"stat.useItem.minecraft.sponge":2,"stat.useItem.minecraft.carpet":45,"stat.useItem.minecraft.stained_glass_pane":10,"stat.useItem.minecraft.packed_ice":56,"stat.jump":1486,"stat.swimOneCm":946,"stat.useItem.minecraft.snow":71,"stat.useItem.minecraft.planks":49,"stat.crouchOneCm":8999,"stat.useItem.minecraft.dirt":105,"achievement.exploreAllBiomes":{"value":0,"progress":["Plains"]},"stat.flyOneCm":1325921,"stat.killEntity.Villager":2,"stat.damageDealt":425,"stat.useItem.minecraft.wool":647,"stat.useItem.minecraft.snow_layer":7,"stat.timeSinceDeath":99090,"stat.useItem.minecraft.sign":55,"stat.useItem.minecraft.spawn_egg":2,"stat.useItem.minecraft.wooden_slab":67,"stat.useItem.minecraft.iron_bars":20,"stat.walkOneCm":363883,"stat.useItem.minecraft.torch":6,"stat.useItem.minecraft.chest":1,"stat.useItem.minecraft.log":41,"stat.useItem.minecraft.cobblestone":15,"stat.useItem.minecraft.stained_hardened_clay":311,"stat.useItem.minecraft.leaves":13,"stat.sprintOneCm":142318,"stat.useItem.minecraft.stained_glass":169,"stat.useItem.minecraft.fence":23,"stat.useItem.minecraft.dark_oak_door":1,"stat.useItem.minecraft.stone_slab":42,"stat.useItem.minecraft.ice":124,"stat.useItem.minecraft.bed":1,"achievement.openInventory":104,"stat.useItem.minecraft.iron_block":25,"stat.useItem.minecraft.daylight_detector":3,"stat.mobKills":2,"stat.useItem.minecraft.stonebrick":25,"stat.deaths":11,"stat.useItem.minecraft.monster_egg":40,"stat.drop":17,"stat.playOneMinute":123131,"stat.useItem.minecraft.nether_brick":2,"stat.diveOneCm":426,"stat.useItem.minecraft.sandstone":65}