{"stat.walkOneCm":151005,"stat.useItem.minecraft.torch":4,"stat.useItem.minecraft.quartz_block":110,"stat.useItem.minecraft.chest":1,"stat.useItem.minecraft.stone":140,"stat.leaveGame":2,"stat.useItem.minecraft.sponge":2,"stat.useItem.minecraft.log":26,"stat.useItem.minecraft.cobblestone":13,"stat.useItem.minecraft.carpet":20,"stat.useItem.minecraft.packed_ice":56,"stat.jump":715,"stat.swimOneCm":325,"stat.useItem.minecraft.snow":71,"stat.useItem.minecraft.planks":2,"stat.crouchOneCm":2656,"stat.useItem.minecraft.stained_hardened_clay":54,"stat.useItem.minecraft.dirt":58,"stat.sprintOneCm":69535,"stat.useItem.minecraft.stained_glass":112,"achievement.exploreAllBiomes":{"value":0,"progress":["Plains"]},"stat.useItem.minecraft.fence":11,"stat.useItem.minecraft.ice":119,"stat.useItem.minecraft.bed":1,"achievement.openInventory":72,"stat.mobKills":2,"stat.useItem.minecraft.stonebrick":25,"stat.flyOneCm":698422,"stat.deaths":11,"stat.drop":2,"stat.playOneMinute":63300,"stat.useItem.minecraft.nether_brick":1,"stat.killEntity.Villager":2,"stat.damageDealt":425,"stat.useItem.minecraft.wool":518,"stat.useItem.minecraft.snow_layer":7,"stat.timeSinceDeath":39259,"stat.useItem.minecraft.sign":24,"stat.useItem.minecraft.spawn_egg":2,"stat.useItem.minecraft.wooden_slab":23,"stat.diveOneCm":426,"stat.useItem.minecraft.sandstone":8}