{"stat.walkOneCm":259474,"stat.useItem.minecraft.torch":4,"stat.useItem.minecraft.quartz_block":110,"stat.useItem.minecraft.chest":1,"stat.useItem.minecraft.stone":140,"stat.leaveGame":6,"stat.useItem.minecraft.sponge":2,"stat.useItem.minecraft.log":26,"stat.useItem.minecraft.cobblestone":15,"stat.useItem.minecraft.carpet":21,"stat.useItem.minecraft.packed_ice":56,"stat.jump":1163,"stat.swimOneCm":946,"stat.useItem.minecraft.snow":71,"stat.useItem.minecraft.planks":2,"stat.crouchOneCm":5128,"stat.useItem.minecraft.stained_hardened_clay":78,"stat.useItem.minecraft.dirt":62,"stat.sprintOneCm":111423,"stat.useItem.minecraft.stained_glass":112,"achievement.exploreAllBiomes":{"value":0,"progress":["Plains"]},"stat.useItem.minecraft.fence":23,"stat.useItem.minecraft.ice":124,"stat.useItem.minecraft.bed":1,"achievement.openInventory":79,"stat.mobKills":2,"stat.useItem.minecraft.stonebrick":25,"stat.flyOneCm":987030,"stat.deaths":11,"stat.drop":2,"stat.playOneMinute":85137,"stat.useItem.minecraft.nether_brick":2,"stat.killEntity.Villager":2,"stat.damageDealt":425,"stat.useItem.minecraft.wool":533,"stat.useItem.minecraft.snow_layer":7,"stat.timeSinceDeath":61096,"stat.useItem.minecraft.sign":28,"stat.useItem.minecraft.spawn_egg":2,"stat.useItem.minecraft.wooden_slab":24,"stat.diveOneCm":426,"stat.useItem.minecraft.sandstone":54}