{"stat.useItem.minecraft.quartz_block":110,"stat.useItem.minecraft.stone":140,"stat.leaveGame":10,"stat.useItem.minecraft.sponge":2,"stat.useItem.minecraft.carpet":45,"stat.useItem.minecraft.stained_glass_pane":10,"stat.useItem.minecraft.packed_ice":56,"stat.jump":1439,"stat.swimOneCm":946,"stat.useItem.minecraft.snow":71,"stat.useItem.minecraft.planks":2,"stat.crouchOneCm":7046,"stat.useItem.minecraft.dirt":101,"achievement.exploreAllBiomes":{"value":0,"progress":["Plains"]},"stat.flyOneCm":1173709,"stat.killEntity.Villager":2,"stat.damageDealt":425,"stat.useItem.minecraft.wool":606,"stat.useItem.minecraft.snow_layer":7,"stat.timeSinceDeath":83907,"stat.useItem.minecraft.sign":43,"stat.useItem.minecraft.spawn_egg":2,"stat.useItem.minecraft.wooden_slab":24,"stat.useItem.minecraft.iron_bars":6,"stat.walkOneCm":338815,"stat.useItem.minecraft.torch":4,"stat.useItem.minecraft.chest":1,"stat.useItem.minecraft.log":41,"stat.useItem.minecraft.cobblestone":15,"stat.useItem.minecraft.stained_hardened_clay":99,"stat.useItem.minecraft.leaves":13,"stat.sprintOneCm":138344,"stat.useItem.minecraft.stained_glass":120,"stat.useItem.minecraft.fence":23,"stat.useItem.minecraft.ice":124,"stat.useItem.minecraft.bed":1,"achievement.openInventory":91,"stat.mobKills":2,"stat.useItem.minecraft.stonebrick":25,"stat.deaths":11,"stat.useItem.minecraft.monster_egg":40,"stat.drop":3,"stat.playOneMinute":107948,"stat.useItem.minecraft.nether_brick":2,"stat.diveOneCm":426,"stat.useItem.minecraft.sandstone":57}